mpg,cylinders,displacement,horsepower,weight,acceleration,year,origin,0,0
33.0,4,91.0,53.0,1795,17.4,76,3,33.0,30.949377059936523
28.0,4,120.0,79.0,2625,18.6,82,1,28.0,28.13362693786621
19.0,6,232.0,100.0,2634,13.0,71,1,19.0,20.603269577026367
13.0,8,318.0,150.0,3940,13.2,76,1,13.0,15.396601676940918
14.0,8,318.0,150.0,4237,14.5,73,1,14.0,12.624556541442871
27.0,4,97.0,88.0,2100,16.5,72,3,27.0,27.552186965942383
24.0,4,140.0,92.0,2865,16.4,82,1,24.0,26.243303298950195
13.0,8,440.0,215.0,4735,11.0,73,1,13.0,7.835310935974121
17.0,8,260.0,110.0,4060,19.0,77,1,17.0,16.8470516204834
21.0,6,200.0,93.5,2875,17.0,74,1,21.0,21.918115615844727
15.0,8,390.0,190.0,3850,8.5,70,1,15.0,11.3808012008667
38.0,4,91.0,67.0,1965,15.0,82,3,38.0,32.58221435546875
26.0,4,91.0,70.0,1955,20.5,71,1,26.0,27.3328914642334
15.0,8,304.0,150.0,3892,12.5,72,1,15.0,13.913641929626465
25.0,4,140.0,75.0,2542,17.0,74,1,25.0,24.150705337524414
12.0,8,383.0,180.0,4955,11.5,71,1,12.0,6.463545799255371
31.0,4,112.0,85.0,2575,16.2,82,1,31.0,28.19578742980957
17.0,6,163.0,125.0,3140,13.6,78,2,17.0,23.35843849182129
16.0,8,400.0,180.0,4220,11.1,77,1,16.0,12.836066246032715
31.0,4,91.0,68.0,1970,17.6,82,3,31.0,33.015953063964844
22.0,4,121.0,76.0,2511,18.0,72,2,22.0,24.476573944091797
22.0,6,198.0,95.0,2833,15.5,70,1,22.0,20.0632266998291
22.0,6,232.0,112.0,2835,14.7,82,1,22.0,25.09891700744629
33.5,4,98.0,83.0,2075,15.9,77,1,33.5,28.715633392333984
18.0,8,307.0,130.0,3504,12.0,70,1,18.0,14.702025413513184
44.0,4,97.0,52.0,2130,24.6,82,2,44.0,32.52078628540039
26.0,4,98.0,90.0,2265,15.5,73,2,26.0,26.3980712890625
24.5,4,151.0,88.0,2740,16.0,77,1,24.5,24.26090431213379
18.1,6,258.0,120.0,3410,15.1,78,1,18.100000381469727,19.827146530151367
12.0,8,400.0,167.0,4906,12.5,73,1,12.0,7.388190269470215
27.0,4,140.0,86.0,2790,15.6,82,1,27.0,26.442659378051758
36.0,4,105.0,74.0,1980,15.3,82,2,36.0,31.80699348449707
23.0,8,350.0,125.0,3900,17.4,79,1,23.0,16.894365310668945
24.0,4,113.0,95.0,2278,15.5,72,3,24.0,26.210012435913086
37.2,4,86.0,65.0,2019,16.4,80,3,37.20000076293945,31.667634963989258
16.0,8,400.0,230.0,4278,9.5,73,1,16.0,10.911574363708496
21.0,6,155.0,107.0,2472,14.0,73,1,21.0,24.05170249938965
19.2,8,305.0,145.0,3425,13.2,78,1,19.200000762939453,19.276029586791992
16.0,8,318.0,150.0,4498,14.5,75,1,16.0,12.161734580993652
29.0,4,98.0,83.0,2219,16.5,74,2,29.0,27.21085548400879
26.8,6,173.0,115.0,2700,12.9,79,1,26.799999237060547,25.207963943481445
27.0,4,97.0,60.0,1834,19.0,71,2,27.0,28.074230194091797
18.0,4,121.0,112.0,2933,14.5,72,2,18.0,21.99468421936035
10.0,8,360.0,215.0,4615,14.0,70,1,10.0,9.042731285095215
23.0,4,120.0,97.0,2506,14.5,72,3,23.0,24.70926284790039
36.0,4,120.0,88.0,2160,14.5,82,3,36.0,31.14993667602539
26.0,4,116.0,75.0,2246,14.0,74,2,26.0,26.221622467041016
25.0,4,121.0,115.0,2671,13.5,75,2,25.0,24.663137435913086
25.0,4,104.0,95.0,2375,17.5,70,2,25.0,24.69453239440918
25.0,4,90.0,71.0,2223,16.5,75,2,25.0,27.673933029174805
22.0,4,140.0,72.0,2408,19.0,71,1,22.0,23.778270721435547
34.1,4,86.0,65.0,1975,15.2,79,3,34.099998474121094,31.22770881652832
32.4,4,107.0,72.0,2290,17.0,80,3,32.400001525878906,30.013076782226562
13.0,8,400.0,190.0,4422,12.5,72,1,13.0,9.76138973236084
23.5,6,173.0,110.0,2725,12.6,81,1,23.5,25.904870986938477
14.0,8,400.0,175.0,4464,11.5,71,1,14.0,8.734183311462402
18.5,8,360.0,150.0,3940,13.0,79,1,18.5,16.00554847717285
29.8,4,134.0,90.0,2711,15.5,80,3,29.799999237060547,27.200231552124023
28.0,4,140.0,90.0,2264,15.5,71,1,28.0,24.137758255004883
19.0,6,225.0,95.0,3264,16.0,75,1,19.0,19.690874099731445
11.0,8,350.0,180.0,3664,11.0,73,1,11.0,14.832831382751465
33.0,4,91.0,53.0,1795,17.5,75,3,33.0,30.498451232910156
23.0,4,140.0,83.0,2639,17.0,75,1,23.0,24.184656143188477
21.0,4,120.0,87.0,2979,19.5,72,2,21.0,22.363096237182617
23.0,6,198.0,95.0,2904,16.0,73,1,23.0,21.17372703552246
25.0,4,113.0,95.0,2228,14.0,71,3,25.0,25.75034523010254
23.8,4,151.0,85.0,2855,17.6,78,1,23.799999237060547,24.357221603393555
34.4,4,98.0,65.0,2045,16.2,81,1,34.400001525878906,30.608259201049805
24.5,4,98.0,60.0,2164,22.1,76,1,24.5,28.596254348754883
13.0,8,307.0,130.0,4098,14.0,72,1,13.0,12.799925804138184
34.7,4,105.0,63.0,2215,14.9,81,1,34.70000076293945,29.32364845275879
14.0,8,304.0,150.0,4257,15.5,74,1,14.0,13.412291526794434
15.0,8,429.0,198.0,4341,10.0,70,1,15.0,8.38700008392334
18.0,6,258.0,110.0,2962,13.5,71,1,18.0,18.567373275756836
25.0,6,181.0,110.0,2945,16.4,82,1,25.0,25.706064224243164
19.9,8,260.0,110.0,3365,15.5,78,1,19.899999618530273,20.4357852935791
17.5,6,250.0,110.0,3520,16.4,77,1,17.5,19.03184700012207
28.0,4,112.0,88.0,2605,19.6,82,1,28.0,28.655336380004883
29.0,4,90.0,70.0,1937,14.0,75,2,29.0,28.764005661010742
17.0,8,305.0,130.0,3840,15.4,79,1,17.0,17.739118576049805
16.0,8,304.0,150.0,3433,12.0,70,1,16.0,17.188310623168945
27.0,4,97.0,88.0,2130,14.5,70,3,27.0,27.539859771728516
37.0,4,91.0,68.0,2025,18.2,82,3,37.0,34.53718185424805
36.1,4,91.0,60.0,1800,16.4,78,3,36.099998474121094,33.27066421508789
23.0,4,115.0,95.0,2694,15.0,75,2,23.0,26.209444046020508
14.0,8,400.0,175.0,4385,12.0,72,1,14.0,12.591031074523926
32.8,4,78.0,52.0,1985,19.4,78,3,32.79999923706055,33.18137741088867
29.9,4,98.0,65.0,2380,20.7,81,1,29.899999618530273,31.450471878051758
20.0,4,97.0,88.0,2279,19.0,73,3,20.0,29.47987937927246
12.0,8,429.0,198.0,4952,11.5,73,1,12.0,9.913430213928223
15.5,8,400.0,190.0,4325,12.2,77,1,15.5,15.45055866241455
23.7,3,70.0,100.0,2420,12.5,80,3,23.700000762939453,30.410545349121094
24.0,4,116.0,75.0,2158,15.5,73,2,24.0,28.08220100402832
36.0,4,79.0,58.0,1825,18.6,77,2,36.0,32.712833404541016
19.0,6,156.0,108.0,2930,15.5,76,3,19.0,25.880910873413086
38.0,4,105.0,63.0,2125,14.7,82,1,38.0,31.387479782104492
29.0,4,135.0,84.0,2525,16.0,82,1,29.0,29.665618896484375
21.5,6,231.0,115.0,3245,15.4,79,1,21.5,23.689117431640625
27.9,4,156.0,105.0,2800,14.4,80,1,27.899999618530273,26.883575439453125
14.0,8,318.0,150.0,4077,14.0,72,1,14.0,15.143628120422363
36.1,4,98.0,66.0,1800,14.4,78,1,36.099998474121094,31.29792022705078
22.0,4,108.0,94.0,2379,16.5,73,3,22.0,28.17585563659668
18.0,6,199.0,97.0,2774,15.5,70,1,18.0,22.13874053955078
17.0,8,304.0,150.0,3672,11.5,72,1,17.0,16.666902542114258
18.0,6,250.0,105.0,3459,16.0,75,1,18.0,20.625844955444336
14.0,8,440.0,215.0,4312,8.5,70,1,14.0,11.199933052062988
26.0,4,97.0,46.0,1835,20.5,70,2,26.0,29.749378204345703
13.0,8,350.0,150.0,4699,14.5,74,1,13.0,12.633088111877441
33.0,4,105.0,74.0,2190,14.2,81,2,33.0,31.253345489501953
37.0,4,85.0,65.0,1975,19.4,81,3,37.0,34.71866989135742
32.0,4,71.0,65.0,1836,21.0,74,3,32.0,32.84113693237305
28.0,4,107.0,86.0,2464,15.5,76,2,28.0,28.007863998413086
19.2,8,267.0,125.0,3605,15.0,79,1,19.200000762939453,21.26622772216797
32.0,4,91.0,67.0,1965,15.7,82,3,32.0,34.089473724365234
27.4,4,121.0,80.0,2670,15.0,79,1,27.399999618530273,27.256364822387695
20.0,4,140.0,90.0,2408,19.5,72,1,20.0,26.805683135986328
26.0,4,96.0,69.0,2189,18.0,72,2,26.0,28.286169052124023
20.6,6,225.0,110.0,3360,16.6,79,1,20.600000381469727,23.41657066345215
37.3,4,91.0,69.0,2130,14.7,79,2,37.29999923706055,30.85056495666504
16.2,6,163.0,133.0,3410,15.8,78,2,16.200000762939453,23.861675262451172
15.0,8,350.0,145.0,4440,14.0,75,1,15.0,14.27507495880127
21.0,4,140.0,72.0,2401,19.5,73,1,21.0,27.085058212280273
21.0,6,200.0,85.0,2587,16.0,70,1,21.0,23.14586067199707
20.5,6,200.0,95.0,3155,18.2,78,1,20.5,24.545888900756836
21.0,6,199.0,90.0,2648,15.0,70,1,21.0,22.581239700317383
25.4,6,168.0,116.0,2900,12.6,81,3,25.399999618530273,27.467300415039062
34.1,4,91.0,68.0,1985,16.0,81,3,34.099998474121094,33.62594985961914
27.0,4,151.0,90.0,2950,17.3,82,1,27.0,27.728445053100586
36.0,4,98.0,70.0,2125,17.3,82,1,36.0,32.311363220214844
31.6,4,120.0,74.0,2635,18.3,81,3,31.600000381469727,30.68703269958496
38.1,4,89.0,60.0,1968,18.8,80,3,38.099998474121094,34.02631759643555
32.0,4,83.0,61.0,2003,19.0,74,3,32.0,31.200105667114258
40.8,4,85.0,65.0,2110,19.2,80,3,40.79999923706055,33.471839904785156
19.0,6,232.0,90.0,3211,17.0,75,1,19.0,22.21339225769043
20.0,4,114.0,91.0,2582,14.0,73,2,20.0,25.550302505493164
22.0,6,250.0,105.0,3353,14.5,76,1,22.0,21.20046043395996
17.5,6,258.0,95.0,3193,17.8,76,1,17.5,22.88596534729004
35.1,4,81.0,60.0,1760,16.1,81,3,35.099998474121094,34.84352111816406
30.5,4,98.0,63.0,2051,17.0,77,1,30.5,30.2398738861084
33.7,4,107.0,75.0,2210,14.4,81,3,33.70000076293945,31.897985458374023
19.0,6,250.0,88.0,3302,15.5,71,1,19.0,19.27897834777832
14.0,8,302.0,140.0,4638,16.0,74,1,14.0,13.640580177307129
15.5,8,351.0,142.0,4054,14.3,79,1,15.5,18.237783432006836
15.0,6,250.0,72.0,3158,19.5,75,1,15.0,22.911401748657227
22.5,6,232.0,90.0,3085,17.6,76,1,22.5,23.533174514770508
29.0,4,85.0,52.0,2035,22.2,76,1,29.0,31.40603256225586
23.0,4,97.0,54.0,2254,23.5,72,2,23.0,29.41727638244629
18.0,3,70.0,90.0,2124,13.5,73,3,18.0,28.97551155090332
25.5,4,122.0,96.0,2300,15.5,77,1,25.5,28.669397354125977
24.0,4,119.0,97.0,2545,17.0,75,3,24.0,28.308549880981445
14.0,8,454.0,220.0,4354,9.0,70,1,14.0,11.08541202545166
16.5,8,351.0,138.0,3955,13.2,79,1,16.5,18.388898849487305
20.3,5,131.0,103.0,2830,15.9,78,2,20.299999237060547,26.996198654174805
26.0,4,108.0,93.0,2391,15.5,74,3,26.0,28.25452423095703
15.0,8,383.0,170.0,3563,10.0,70,1,15.0,15.555737495422363
33.8,4,97.0,67.0,2145,18.0,80,3,33.79999923706055,32.857120513916016
11.0,8,400.0,150.0,4997,14.0,73,1,11.0,10.058510780334473
28.0,4,97.0,92.0,2288,17.0,72,3,28.0,28.413679122924805
19.0,6,225.0,100.0,3630,17.7,77,1,19.0,21.25748634338379
30.0,4,97.0,67.0,1985,16.4,77,3,30.0,31.85662269592285
27.2,4,141.0,71.0,3190,24.8,79,2,27.200000762939453,26.037853240966797
16.5,6,168.0,120.0,3820,16.7,76,2,16.5,16.475852966308594
29.0,4,97.0,75.0,2171,16.0,75,3,29.0,28.97280502319336
20.0,8,262.0,110.0,3221,13.5,75,1,20.0,16.315765380859375
15.0,8,318.0,150.0,3777,12.5,73,1,15.0,14.26427173614502
17.5,8,318.0,140.0,4080,13.7,78,1,17.5,15.184830665588379
18.0,6,225.0,95.0,3785,19.0,75,1,18.0,15.739014625549316
24.0,4,90.0,75.0,2108,15.5,74,2,24.0,28.387813568115234
20.2,6,232.0,90.0,3265,18.2,79,1,20.200000762939453,19.930038452148438
13.0,8,351.0,158.0,4363,13.0,73,1,13.0,13.155068397521973
12.0,8,350.0,160.0,4456,13.5,72,1,12.0,12.7378511428833
20.0,6,156.0,122.0,2807,13.5,73,3,20.0,21.388547897338867
13.0,8,360.0,175.0,3821,11.0,73,1,13.0,13.921422004699707
26.0,4,97.0,78.0,2300,14.5,74,2,26.0,26.430381774902344
34.5,4,105.0,70.0,2150,14.9,79,1,34.5,29.28571891784668
18.0,6,225.0,105.0,3121,16.5,73,1,18.0,17.48099136352539
18.5,6,250.0,98.0,3525,19.0,77,1,18.5,17.058395385742188
13.0,8,350.0,155.0,4502,13.5,72,1,13.0,12.693737983703613
26.0,4,121.0,113.0,2234,12.5,70,2,26.0,23.38732147216797
18.0,6,232.0,100.0,3288,15.5,71,1,18.0,15.223660469055176
31.0,4,76.0,52.0,1649,16.5,74,3,31.0,32.86761474609375
24.0,4,121.0,110.0,2660,14.0,73,2,24.0,22.59479522705078
11.0,8,429.0,208.0,4633,11.0,72,1,11.0,11.917141914367676
19.4,8,318.0,140.0,3735,13.2,78,1,19.399999618530273,15.911885261535645
32.9,4,119.0,100.0,2615,14.8,81,3,32.900001525878906,27.689516067504883
31.5,4,89.0,71.0,1990,14.9,78,2,31.5,30.88544273376465
19.1,6,225.0,90.0,3381,18.7,80,1,19.100000381469727,20.05177116394043
24.0,6,200.0,81.0,3012,17.6,76,1,24.0,20.876789093017578
20.0,6,198.0,95.0,3102,16.5,74,1,20.0,18.882858276367188
28.0,4,90.0,75.0,2125,14.5,74,1,28.0,27.311321258544922
29.0,4,97.0,78.0,1940,14.5,77,2,29.0,30.336294174194336
14.0,8,304.0,150.0,3672,11.5,73,1,14.0,14.195839881896973
35.0,4,122.0,88.0,2500,15.1,80,2,35.0,27.504257202148438
29.5,4,97.0,71.0,1825,12.2,76,2,29.5,29.608217239379883
23.6,4,140.0,93.5,2905,14.3,80,1,23.600000381469727,23.34304428100586
15.5,8,318.0,145.0,4140,13.7,77,1,15.5,14.719731330871582
20.6,6,231.0,105.0,3380,15.8,78,1,20.600000381469727,17.643583297729492
34.2,4,105.0,70.0,2200,13.2,79,1,34.20000076293945,28.190109252929688
25.0,4,116.0,81.0,2220,16.9,76,2,25.0,28.448707580566406
36.4,5,121.0,67.0,2950,19.9,80,2,36.400001525878906,26.833988189697266
22.3,4,140.0,88.0,2890,17.3,79,1,22.299999237060547,24.28720474243164
19.0,4,120.0,88.0,3270,21.9,76,2,19.0,23.3961181640625
19.8,6,200.0,85.0,2990,18.2,79,1,19.799999237060547,22.748281478881836
31.0,4,79.0,67.0,1950,19.0,74,3,31.0,31.852558135986328
14.0,8,350.0,165.0,4209,12.0,71,1,14.0,12.71654987335205
14.0,8,340.0,160.0,3609,8.0,70,1,14.0,13.09727954864502
43.4,4,90.0,48.0,2335,23.7,80,2,43.400001525878906,33.34973907470703
26.0,4,98.0,79.0,2255,17.7,76,1,26.0,28.57959747314453
33.5,4,85.0,70.0,1945,16.8,77,3,33.5,32.18628692626953
19.0,4,122.0,85.0,2310,18.5,73,1,19.0,26.40459442138672
22.0,4,121.0,98.0,2945,14.5,75,2,22.0,21.826274871826172
27.2,4,119.0,97.0,2300,14.7,78,3,27.200000762939453,28.339580535888672
32.7,6,168.0,132.0,2910,11.4,80,3,32.70000076293945,22.794294357299805
29.0,4,68.0,49.0,1867,19.5,73,2,29.0,31.945886611938477
17.6,6,225.0,85.0,3465,16.6,81,1,17.600000381469727,19.0245361328125
23.0,4,151.0,93.5,3035,20.5,82,1,23.0,25.849485397338867
34.0,4,108.0,70.0,2245,16.9,82,3,34.0,31.9205379486084
17.6,8,302.0,129.0,3725,13.4,79,1,17.600000381469727,16.230484008789062
30.7,6,145.0,76.0,3160,19.6,81,2,30.700000762939453,25.313663482666016
21.0,6,231.0,110.0,3039,15.0,75,1,21.0,18.169374465942383
38.0,4,91.0,67.0,1995,16.2,82,3,38.0,33.81531524658203
16.0,8,302.0,140.0,4141,14.0,74,1,16.0,13.927510261535645
15.0,6,250.0,72.0,3432,21.0,75,1,15.0,17.545852661132812
20.0,6,225.0,100.0,3651,17.7,76,1,20.0,15.999058723449707
29.0,4,90.0,70.0,1937,14.2,76,2,29.0,29.938396453857422
32.0,4,144.0,96.0,2665,13.9,82,3,32.0,26.687084197998047
18.0,8,318.0,150.0,3436,11.0,70,1,18.0,14.020455360412598
32.0,4,85.0,70.0,1990,17.0,76,3,32.0,31.484622955322266
15.0,8,350.0,145.0,4082,13.0,73,1,15.0,13.987366676330566
16.0,8,351.0,149.0,4335,14.5,77,1,16.0,14.653946876525879
34.0,4,112.0,88.0,2395,18.0,82,1,34.0,30.25438117980957
10.0,8,307.0,200.0,4376,15.0,70,1,10.0,11.791394233703613
19.0,4,121.0,112.0,2868,15.5,73,2,19.0,21.844242095947266
28.4,4,151.0,90.0,2670,16.0,79,1,28.399999618530273,24.886943817138672
15.0,8,302.0,130.0,4295,14.9,77,1,15.0,14.633400917053223
32.3,4,97.0,67.0,2065,17.8,81,3,32.29999923706055,33.38675308227539
30.0,4,98.0,68.0,2155,16.5,78,1,30.0,29.683488845825195
26.4,4,140.0,88.0,2870,18.1,80,1,26.399999618530273,25.26222038269043
30.0,4,135.0,84.0,2385,12.9,81,1,30.0,26.88909339904785
19.0,6,232.0,100.0,2901,16.0,74,1,19.0,19.029924392700195
13.0,8,302.0,140.0,4294,16.0,72,1,13.0,27.423355102539062
32.2,4,108.0,75.0,2265,15.2,80,3,32.20000076293945,14.005603790283203
27.0,4,97.0,88.0,2130,14.5,71,3,27.0,13.43537425994873
28.0,4,98.0,80.0,2164,15.0,72,1,28.0,12.955626487731934
44.6,4,91.0,67.0,1850,13.8,80,3,44.599998474121094,13.226101875305176
18.0,6,232.0,100.0,2789,15.0,73,1,18.0,23.687469482421875
39.4,4,85.0,70.0,2070,18.6,78,3,39.400001525878906,12.511494636535645
25.1,4,140.0,88.0,2720,15.4,78,1,25.100000381469727,15.791735649108887
16.0,6,250.0,100.0,3781,17.0,74,1,16.0,22.583301544189453
43.1,4,90.0,48.0,1985,21.5,78,2,43.099998474121094,12.203927993774414
25.0,4,140.0,92.0,2572,14.9,76,1,25.0,16.242908477783203
16.9,8,350.0,155.0,4360,14.9,79,1,16.899999618530273,32.49751663208008
13.0,8,400.0,175.0,5140,12.0,71,1,13.0,34.694942474365234
20.2,6,200.0,88.0,3060,17.1,81,1,20.200000762939453,20.316274642944336
14.0,8,351.0,153.0,4129,13.0,72,1,14.0,32.478607177734375
37.0,4,119.0,92.0,2434,15.0,80,3,37.0,15.320509910583496
13.0,8,350.0,175.0,4100,13.0,73,1,13.0,33.70054244995117
21.5,4,121.0,110.0,2600,12.8,77,2,21.5,15.46030330657959
27.0,4,101.0,83.0,2202,15.3,76,2,27.0,13.652325630187988
14.0,8,351.0,148.0,4657,13.5,75,1,14.0,30.944232940673828
15.0,8,400.0,150.0,3761,9.5,70,1,15.0,37.098480224609375
17.0,6,250.0,100.0,3329,15.5,71,1,17.0,23.548076629638672
9.0,8,304.0,193.0,4732,18.5,70,1,9.0,29.169254302978516
23.0,4,140.0,78.0,2592,18.5,75,1,23.0,15.695651054382324
26.0,4,79.0,67.0,1963,15.5,74,2,26.0,11.515424728393555
34.3,4,97.0,78.0,2188,15.8,80,2,34.29999923706055,13.423272132873535
23.2,4,156.0,105.0,2745,16.7,78,1,23.200000762939453,18.080169677734375
17.5,8,305.0,145.0,3880,12.5,77,1,17.5,29.19422149658203
12.0,8,455.0,225.0,4951,11.0,73,1,12.0,42.58327102661133
30.0,4,79.0,70.0,2074,19.5,71,2,30.0,11.48448657989502
30.5,4,97.0,78.0,2190,14.1,77,2,30.5,13.053019523620605
25.4,5,183.0,77.0,3530,20.1,79,2,25.399999618530273,17.107173919677734
44.3,4,90.0,48.0,2085,21.7,80,2,44.29999923706055,12.075027465820312
23.0,4,120.0,88.0,2957,17.0,75,2,23.0,13.412312507629395
14.0,8,318.0,150.0,4096,13.0,71,1,14.0,29.544654846191406
29.8,4,89.0,62.0,1845,15.3,80,2,29.799999237060547,12.858986854553223
26.5,4,140.0,72.0,2565,13.6,76,1,26.5,15.1033353805542
20.2,6,200.0,85.0,2965,15.8,78,1,20.200000762939453,20.1055908203125
38.0,6,262.0,85.0,3015,17.0,82,1,38.0,25.615360260009766
17.0,8,302.0,140.0,3449,10.5,70,1,17.0,29.25053596496582
20.5,6,225.0,100.0,3430,17.2,78,1,20.5,21.78513526916504
32.4,4,108.0,75.0,2350,16.8,81,3,32.400001525878906,13.970812797546387
18.0,6,250.0,88.0,3021,16.5,73,1,18.0,24.045513153076172
20.5,6,231.0,105.0,3425,16.9,77,1,20.5,22.4722957611084
25.8,4,156.0,92.0,2620,14.4,81,1,25.799999237060547,17.777385711669922
13.0,8,350.0,145.0,4055,12.0,76,1,13.0,32.390113830566406
24.0,4,134.0,96.0,2702,13.5,75,3,24.0,15.534390449523926
16.0,6,250.0,100.0,3278,18.0,73,1,16.0,24.058631896972656
13.0,8,318.0,150.0,3755,14.0,76,1,13.0,30.98124122619629
21.0,4,122.0,86.0,2226,16.5,72,1,21.0,15.257800102233887
19.0,6,250.0,100.0,3282,15.0,71,1,19.0,23.640731811523438
25.0,4,98.0,93.5,2046,19.0,71,1,25.0,14.282292366027832
27.5,4,134.0,95.0,2560,14.2,78,3,27.5,16.171123504638672
18.0,6,250.0,78.0,3574,21.0,76,1,18.0,22.527019500732422
34.5,4,100.0,93.5,2320,15.8,81,2,34.5,14.177498817443848
11.0,8,318.0,210.0,4382,13.5,70,1,11.0,31.824974060058594
32.1,4,98.0,70.0,2120,15.5,80,1,32.099998474121094,13.179206848144531
15.5,8,350.0,170.0,4165,11.4,77,1,15.5,33.39800262451172
18.6,6,225.0,110.0,3620,18.7,78,1,18.600000381469727,21.888084411621094
18.2,8,318.0,135.0,3830,15.2,79,1,18.200000762939453,30.299667358398438
15.0,6,258.0,110.0,3730,19.0,75,1,15.0,24.180280685424805
27.2,4,135.0,84.0,2490,15.7,81,1,27.200000762939453,16.067546844482422
14.0,8,318.0,150.0,4457,13.5,74,1,14.0,28.756465911865234
13.0,8,350.0,165.0,4274,12.0,72,1,13.0,32.51313400268555
18.0,6,225.0,105.0,3613,16.5,74,1,18.0,21.166744232177734
15.0,6,250.0,100.0,3336,17.0,74,1,15.0,23.874706268310547
14.0,8,455.0,225.0,4425,10.0,70,1,14.0,43.806522369384766
15.0,8,318.0,150.0,4135,13.5,72,1,15.0,29.54712677001953
23.9,8,260.0,90.0,3420,22.2,79,1,23.899999618530273,24.825340270996094
24.0,4,113.0,95.0,2372,15.0,70,3,24.0,14.429093360900879
16.0,8,400.0,170.0,4668,11.5,75,1,16.0,36.046993255615234
14.0,8,351.0,153.0,4154,13.5,71,1,14.0,32.37789535522461
26.6,8,350.0,105.0,3725,19.0,81,1,26.600000381469727,32.227447509765625
46.6,4,86.0,65.0,2110,17.9,80,3,46.599998474121094,12.301305770874023
31.5,4,98.0,68.0,2045,18.5,77,3,31.5,13.502161979675293
29.5,4,98.0,68.0,2135,16.6,78,3,29.5,13.146637916564941
27.0,4,112.0,88.0,2640,18.6,82,1,27.0,14.214978218078613
25.5,4,140.0,89.0,2755,15.8,77,1,25.5,15.705574989318848
20.0,4,130.0,102.0,3150,15.7,76,2,20.0,14.391430854797363
16.5,8,350.0,180.0,4380,12.1,76,1,16.5,16.04070281982422
35.7,4,98.0,80.0,1915,14.4,79,1,35.70000076293945,29.709209442138672
24.2,6,146.0,120.0,2930,13.8,81,3,24.200000762939453,28.300411224365234
20.2,8,302.0,139.0,3570,12.8,78,1,20.200000762939453,20.147323608398438
26.0,4,156.0,92.0,2585,14.5,82,1,26.0,27.659069061279297
22.4,6,231.0,110.0,3415,15.8,81,1,22.399999618530273,24.080806732177734
31.8,4,85.0,65.0,2020,19.2,79,3,31.799999237060547,32.852516174316406
30.9,4,105.0,75.0,2230,14.5,78,1,30.899999618530273,28.304916381835938
18.5,6,250.0,110.0,3645,16.2,76,1,18.5,21.259977340698242
16.0,6,250.0,105.0,3897,18.5,75,1,16.0,21.03533935546875
13.0,8,400.0,170.0,4746,12.0,71,1,13.0,11.788433074951172
30.0,4,111.0,80.0,2155,14.8,77,1,30.0,28.13306427001953
14.5,8,351.0,152.0,4215,12.8,76,1,14.5,16.503894805908203
41.5,4,98.0,76.0,2144,14.7,80,2,41.5,30.245452880859375
20.8,6,200.0,85.0,3070,16.7,78,1,20.799999237060547,24.83428382873535
13.0,8,360.0,170.0,4654,13.0,73,1,13.0,14.187324523925781
31.0,4,71.0,65.0,1773,19.0,71,3,31.0,30.82398223876953
15.0,8,350.0,165.0,3693,11.5,70,1,15.0,15.315752029418945
23.0,4,122.0,86.0,2220,14.0,71,1,23.0,25.185516357421875
22.0,4,122.0,86.0,2395,16.0,72,1,22.0,25.83985710144043
28.0,4,97.0,75.0,2155,16.4,76,3,28.0,30.085006713867188
16.0,6,225.0,105.0,3439,15.5,71,1,16.0,20.293136596679688
17.7,6,231.0,165.0,3445,13.4,78,1,17.700000762939453,22.410293579101562
13.0,8,400.0,150.0,4464,12.0,73,1,13.0,13.137065887451172
26.6,4,151.0,84.0,2635,16.4,81,1,26.600000381469727,27.93372344970703
30.0,4,88.0,76.0,2065,14.5,71,2,30.0,27.288158416748047
18.1,8,302.0,139.0,3205,11.2,78,1,18.100000381469727,20.529090881347656
22.0,6,146.0,97.0,2815,14.5,77,3,22.0,27.203838348388672
14.0,8,455.0,225.0,3086,10.0,70,1,14.0,14.160690307617188
24.3,4,151.0,90.0,3003,20.1,80,1,24.299999237060547,28.010536193847656
14.0,8,302.0,137.0,4042,14.5,73,1,14.0,17.63637924194336
23.9,4,119.0,97.0,2405,14.9,78,3,23.899999618530273,29.197021484375
13.0,8,302.0,129.0,3169,12.0,75,1,13.0,19.731815338134766
30.0,4,146.0,67.0,3250,21.8,80,2,30.0,28.63271713256836
36.0,4,135.0,84.0,2370,13.0,82,1,36.0,28.150707244873047
16.0,6,258.0,110.0,3632,18.0,74,1,16.0,21.02317237854004
28.8,6,173.0,115.0,2595,11.3,79,1,28.799999237060547,25.38283348083496
36.0,4,107.0,75.0,2205,14.5,82,3,36.0,31.21124839782715
31.3,4,120.0,75.0,2542,17.5,80,3,31.299999237060547,30.35378074645996
21.5,3,80.0,110.0,2720,13.5,77,3,21.5,28.386110305786133
35.0,4,72.0,69.0,1613,18.0,71,3,35.0,30.884475708007812
28.0,4,116.0,90.0,2123,14.0,71,2,28.0,26.333276748657227
18.0,6,171.0,97.0,2984,14.5,75,1,18.0,23.959522247314453
15.5,8,304.0,120.0,3962,13.9,76,1,15.5,18.5582332611084
32.0,4,135.0,84.0,2295,11.6,82,1,32.0,27.8251953125
17.5,8,305.0,140.0,4215,13.0,76,1,17.5,17.667709350585938
20.0,6,232.0,100.0,2914,16.0,75,1,20.0,23.169160842895508
25.0,4,97.5,80.0,2126,17.0,72,1,25.0,27.525741577148438
18.0,6,250.0,88.0,3139,14.5,71,1,18.0,19.94907569885254
39.0,4,86.0,64.0,1875,16.4,81,1,39.0,31.498924255371094
26.0,4,97.0,75.0,2265,18.2,77,3,26.0,30.839366912841797
19.2,6,231.0,105.0,3535,19.2,78,1,19.200000762939453,23.88230323791504
24.0,4,107.0,90.0,2430,14.5,70,2,24.0,25.55220603942871
28.0,4,151.0,90.0,2678,16.5,80,1,28.0,27.530147552490234
17.0,6,231.0,110.0,3907,21.0,75,1,17.0,22.479015350341797
21.6,4,121.0,115.0,2795,15.7,78,2,21.600000381469727,27.836151123046875
22.0,6,225.0,100.0,3233,15.4,76,1,22.0,22.63440704345703
31.9,4,89.0,71.0,1925,14.0,79,2,31.899999618530273,30.39215850830078
39.1,4,79.0,58.0,1755,16.9,81,3,39.099998474121094,33.54452896118164
19.4,6,232.0,90.0,3210,17.2,78,1,19.399999618530273,23.861474990844727
33.5,4,151.0,90.0,2556,13.2,79,1,33.5,26.242517471313477
24.0,4,120.0,97.0,2489,15.0,74,3,24.0,27.492429733276367
26.0,4,122.0,80.0,2451,16.5,74,1,26.0,26.57497787475586
31.0,4,79.0,67.0,2000,16.0,74,2,31.0,29.30723762512207
28.1,4,141.0,80.0,3230,20.4,81,2,28.100000381469727,28.762109756469727
18.0,6,232.0,100.0,2945,16.0,73,1,18.0,22.340553283691406
27.0,4,151.0,90.0,2735,18.0,82,1,27.0,28.686914443969727
13.0,8,350.0,145.0,3988,13.0,73,1,13.0,16.045177459716797
40.9,4,85.0,93.5,1835,17.3,80,2,40.900001525878906,32.53192901611328
13.0,8,302.0,130.0,3870,15.0,76,1,13.0,19.351486206054688
15.0,8,318.0,150.0,3399,11.0,73,1,15.0,17.742881774902344
31.0,4,119.0,82.0,2720,19.4,82,1,31.0,30.015201568603516
25.0,4,110.0,87.0,2672,17.5,70,2,25.0,25.92959213256836
16.0,8,318.0,150.0,4190,13.0,76,1,16.0,17.47960662841797
19.0,3,70.0,97.0,2330,13.5,72,3,19.0,27.731163024902344
12.0,8,350.0,180.0,4499,12.5,73,1,12.0,14.75296401977539
21.1,4,134.0,95.0,2515,14.8,78,3,21.100000381469727,28.460969924926758
37.7,4,89.0,62.0,2050,17.3,81,3,37.70000076293945,32.673526763916016
26.0,4,97.0,46.0,1950,21.0,73,2,26.0,30.327072143554688
